## 어떤 데이터베이스를 배워야 할까?

DB1에서는 본질적으로 공통된 사례를 배울 예정
DB2에서는 MySQL MongoDB -> 공통적으로 쓰일 사례

Database를 처음 만나자마자 이 바닥에서 어떻게 데이터를 입력하고 출력 하는지 파악하자.
input output 을 어떻게 설정할지 생각하자.
input은 이 세가지로 쪼갤 수 있다. create update delete 이 세가지 작업이 input 에 해당하는 세가지이다.
output에서는 Read
Create Read update delete 이 순서로 진행되며, 이 4가지의 작업이 데이터 작업에 있어서 우리에게 필요한 모든 것이라고 해도 과언이 아니다.

Create : 데이터를 생성한다.
Read : 생성한 데이터를 읽는다.
Update , delete : 데이터를 업데이트 하거나 지운다.

스프레드 시트를 사용하면 데이터를 sort 혹은 filter할 수 있다. 하지만 일반적으로 스프레드 시트를 데이터베이스로 취급하지 않는다. 이전에 파일에다가 직접 정보를 저장하는것, 나아가서 스프레드시트에 데이터를 구조적으로 저장했을때 데이터를 가공하는 것이 훨씬 쉬워졌다. 그래서 파일 -> 스프레드시트 -> 데이터베이스
파일은 데이터베이스로 가는 길목에 스프레드 시트가 잇는 것이다. 우리가 살펴본 스프레드 시트와 앞으로 들을 데이터베이스 수업을 들으면서 배울 데이터베이스는 컴퓨터 언어를 이용해서 데이터를 가공한다는 것을 알고있자. 즉, 자동화할 수 있다. 사람이 일일히 작성하지 않고도 어떠한 조건에 따라서 데이터를 작성하고 수정하고 지우고 읽을 수 잇다. crud 가 가능하다는 것을 알 수 있다.

DB1 수업에서는 구체적인 데이터베이스를 다루지는 않앗다. 구체적인 데이터베이스 수업은 DB2에서 들으면 된다. 여기서는 어떤 데이터베이스 시스템을 고를지 선택할지 도와주는 강의이다.
내가 무엇을 공부할지 선택할때 통계를 기반으로 선택해보자. DB ranking
관계형 데이터베이스 관리 시스템 ? -> oracle Mysql sqlserver 하지만 몽고DB는 관계형 DB가 아니라
Oracle, MySQL 관계형 데이터베이스 관리 시스템이라 한 쪽을 잘하면 다른 한 쪽도 잘하게 되지만, 몽고DB는 관계형DB가 아니라 아니다.
우선 관계형 DB를 하나 공부하고, 관계형 DB가 아닌 DB를 배워보자 나같은 경우에는 오라클, mongo DB 둘 다를 배워볼 계획이다.

오라클은 관공서나 아주 큰 기업에서 쓴다. 매우 비싸기 때문에, 기술 지원과 같은 경우에도 컨설팅 비용이 비싸기 때문에 자금이 있는 기업이나 정부에서 사용하는 시스템이다.
만약 개인적, 작은 회사에서 사용하는 것이 목적 오라클 사용하는거를 비추한다.
MySQL은 오픈소스이고 무료이다. 자금이 많이 없어서 개인적으로 사용하고 싶다면, SNS와 같은 대량의 데이터를 관리하지만 그 데이터의 신뢰성이 아주 중요하지는 않을때 사용한다.

관계형 DB는 오랫동안 제왕으로 군림해왔다. 하지만 어떤 변화가 생겼지? 앞으로 SNS나 사물 인터넷이 등장을 하고 많은 사람들이 프로그래밍한다면, 다양한 데이터 종류가 나타날것이다. 물론 관계형 DB에 모든 DB가 끼어들어간다면 관계형 DB가 일종의 억압으로 작용하게 된다.

MongoDB는 관계형 데이터베이스가 아니지만, 높은 순위를 유지하고 있기 때문에 배워야 한다고 생각한다.
https://db-engines.com/en/ranking

이 포스팅은 생활코딩님의 Database1 강의를 기반으로 정리한 글입니다.

Database2 MySQL 수업

Database의 발전 순서
file : 사용하기 쉽고 어디에나 있고 전송이 쉬워서 과거에도, 미래에도 사용할 것이다. 하지만 파일만으로는 정보를 입력, 저장, 출력할 수가 없다. 따라서 그 다음은 파일의 한계를 극복하기 위해, 누구나 쉽게 데이터를 정리정돈하기 위한 프로그램을 만들기 시작한다. 이를 Database라고 부른다.
이때 Relational database를 고안하게 된다. 현재까지 Db분야에서 관계형 Db가 왕좌에 있었다. 이를 이용하면 DB를 표에 쓰고, 안전하고 빠르게 정리정돈이 가능하다.

MySQL은 무료, 오픈소스, 관계형 데이터베이스의 주요한 기능을 대부분 갖추고 있다.
웹이 성장을 하면서 웹 개발자들은 웹 페이지를 통해서 표현할 정보를 저장항 DB를 찾게 된다. MySQL이 이러한 요구를 충족하게 된다. 따라서 MySQL은 오늘날 급격한 성장을 이루었다. 오늘날 수 많은 웹사이트가 MySQL을 사용하고 있으며 이를 사용해서 수 많은 정보들을 깔끔하게 정리정돈 해보자.

1. 데이터베이스의 구체적인 사용법을 알아보자.
   Spread Sheet 와 Database의 차이점, 공통점을 공부해보자.
   MySQL은 스프레드시트와 같이 데이터를 표로 표현해준다는 공통점을 가지고 있다. 이에 따라서 작동하는 기능이 매우 비슷함을 알 수 잇다.
   데이터베이스와 스프레드시트의 가장 큰 차이점은 데이터베이스는 코딩을 통해서 제어할 수 있다. 하지만 스프레드시트는 마우스로 직접 조정해야한다.
   데이터베이스는 커맨드라인으로 데이터를 추출할 수 있다. SELECT _ FROM topic WHERE author = ' song';
   SELECT _ FROM topic WHERE author = 'song' ORDER BY id DESC
   하지만 스프레드 시트는 마우스로 조작을 통해서 추출해낸다.

따라서 중요한 차이점은 스프레드시트는 마우스로 클릭해서 데이터를 출력해내지만, 데이터베이스는 (관계형 데이터 베이스는 )SQL이라는 컴퓨터 언어를 통해 데이터를 제어할 수 있다. 즉 코드를 통해서 데이터를 조작할 수 있다는 것은 큰 차이점인지는 아직은 이해하기가 어렵지만, 나중에는 코드를 통한 조작이 얼마나 큰 혁명인지 깨달을 수 있다.

이러한 특성을이용하여 데이터베이스에서 추출한 데이터를 인공지능, 딥러닝, 웹과 같은 매체를 통해서 가공하고 표현할 수 있다.

내가 배울 것은 웹에서 조작하는 방법인데, 웹에서 입력한 데이터를 데이터베이스에 저장이 가능하고, 데이터베이스에서 추출한 데이터를 웹으로 표현할 수 있다.

Bitnami WAMP(windows Apachi MySQL PHP) 깔고 윈도우 CMD 창을 켜보자.
CMD 창에서 MySQL을 실행시켜야 작동이 된다.
mysql bin 까지 들어간 뒤 Mysql -uroot -p 을 작성하고 비밀번호를 입력해서 실행시키자

사용방법을 알기 전!

MySQL의 구조를 알아보자.
간단해보이지만 익숙해 지는데 시간이 걸릴 것읻.
관계령 데이터베이스는 스프레드시트(엑셀)과 같이

- table -> 어떤 웹 사이트를 운영하는데 잇어서 데이터를 저장하고 싶다? 댓글이나 회원정보를 저장하는데 잇어서 표가 늘어나겠지? 많아진 표들을 잘 정리할 필요가 생긴다. 파일에서 디렉토리와 같은 것이 필요할 것이다. 따라서 마이SQL에서는 연관된 표를 그룹핑해서 연관되어 있지 않은 표와 구분을 짓는데, 이때 그룸핑 된 파일들은 데이터베이스라고 지칭한다.
- Database-> 표들을 그룹핑한 것. MySQL에서는 헷갈리니까 스키마라는 표현을 사용한다. 그냥 같은말이고 데이터베이스랑 같은 의미이다. 헷갈리지 않게. 더 나아가서 **스키마 SCHEMA**는 연관된 데이터를 그룹핑 되고, 이러한 스키마들이 여러개 생기고 이들을 그룹핑 한다면 Database server 가 생길 것이다.
- Database server ->
  우리가 MySQL을 설치? -> 데이터베이스 서버라는 프로그램을 설치한 것이다. 이러한 프로그램들이 가진 기능을 이용해서 데이터와 관련된 작업을 하는 것이다.

데이터베이스를 사용한다면 얻을 수 있는 이득의 첫번째 -> **보안**
데이터 베이스에서는 자체적인 보안 체계를 가지고 있기 때문에 데이터를 안전하게 보관이 가능하다. 두번째 ->**권한** 기능 -> MySQL에 권한을 가진 여러 사람들을 등록 할 수 있다. 권한을 주면서 데이터베이스에 CRUD를 가능하게 한다. 또한 차등적으로 권한을 부여할 수 있다.
이러한 기능들이 데이터 베이스를 통해 얻을 수 있는 효용 중 하나이다.
mysql -u(user)root(root라는 사용자로 접속하겠다. 이는 사용자의 이름에 따라 바뀔 수 있다. root는 관리자임에 모든 권한이 열려 있다. 또한 root로 데이터를 다루는 것은 위험하기에 권한을 제한한 계정으로 사용해야 안전하다.) -p(Password)

서버에 들어왔다! 여기서 schema를 만들어서 표를 만들 준비를 해보자. Schema를 만들기 위해서는 어떤 명령어를사용해야 할까?
CREATE DATABASE (database 이름)
지우는 것은 어떻게 할까?
DROP DATABASE (삭제하고싶은 Database 이름)
데이터베이스 리스트를 어떻게 볼까?
SHOW DATABASES(s 주의!)
데이터베이스를 사용하겠다!
USE (database 이름) -> 이 이후로는 이 데이터베이스에 대하여 명령어를 사용하는 것이다.
=> DATABASE 를 생성하는 것을 알아냈기 때문에 이 이후로는 표를 작성하는 것을 알아 볼 예졍이다.

서버 -> 데이터베이스 -> 표 까지왔다. 이제 표를 다룰 단계이기 때문에 한번 알아보자.
표를 만들기 전, 기본적으로 알고있어야 할 사항들을 다뤄보겠다.
SQL이라는 언어를 다루게 될것인데, 이 것의 줄임말은 Structured Query Language
S: 관계형 데이터베이스는 표의 형식으로 정보를 정리정돈하므로 이를 Structured라고 표현함.
Q: ~해줘 ~해줘를 포괄적으로 데이터베이스에서 요청한다를 나타낸 것이다.
L: 데이터베이스, 나도 이해할 수 있는 언어로 요청해야 DB서버가 알아먹기 때문에 Language이다.

앞으로 HTML, SQL이 둘 다 매우 쉬운 언어인데, 매우 중요한 언어이다. 관계형 데이터베이스에 속하는 언어들이 데이터베이스 서버를 다루는데 필요한 표준화 된 언어이다.

용어정리
table : 표
row, record, 행 : 표에서 가로에 해당하는 데이터.
column, 열 : 표에서 세로에 해당하는 데이터
이 뒤로 CRUD를 하는 방법을 살펴볼것이다.

## 표 만들기

표를 만드는 방법 Create table sheet ()
CREATE TABLE tbl(
c1 datatype(length) -> c1 은 컬럼의 이름, datatype은 데이터 타입 INT나 char와 같은, length는 실제로 숫자를 얼마나 저장할 것인가가 아닌, 검색을 할때 얼마나 노출을 시킬것인가에 대해 정하는 값이다.length 는 보통 INT일 때 11로 설정한다.
c2 datatype(length)
...
PRIMARY KEY(c1)
)

tbl : 테이블 명
엑셀과 같은 스프레드시트에는 id에 어떠한 데이터를 넣을 수 있는데, 데이터베이스에서는 특정 컬럼에 특정 데이터만을 받고자 하면 받을 수 잇다. 반드시 id값, 어떠한 컬럼의 값이 특정 데이터만을 강제할 수 잇다.
데이터타입을 검색해서 -> BIGINT를 사용한다면 편하지 않나? -> 컴퓨터는 저장할 수 있는 데이터의 크기가 정해져 잇다. ->따라서 저장해야 할 데이터의 최대 용량에 알맞은 데이터 타입을 사용하도록 하자.

예를들어 제목없이 글을 쓰는 것? 그거는 이상하지?
사람들이 어떻 값을 넣을때 데이터에 꼭 필요한 값임을 명시하고 꼭 입력을 받아야 한다면? -> NOT NULL 사용 (무조건 받아야 한다.)
하지만 나중에 입력받을것을 염두해두고 표를 빈채로 입력하고 싶다 -> NULL 사용
나중에 어떠한 데이터를 선택해야 할때, 선택한 데이터의 중복을 발생 시키고 싶지 않다? -> 데이터 컬럼에 모두 다른 값을 가진 컬럼을 추가하고 싶다 -> 예를 들어서 id값을 중복시키고 싶지 않다 -> AUTO_INCREMENT 이 것을 사용하면 하나식 증가한다.
각 데이터타입에서 데이터를 제한하고 싶다. 예를 들어 어떤 칸에 100글자만 입력하고 싶고, 만약에 추가로 입력된 데이터가 있다면 뒤에는 지울 수 있다.
VARCHAR(size) : variable Character -> 이거는 256개의 문자를 허용한다.
TEXT(size) : 65000정도 저장한다. ()를 명시 안하면 기본 문자를 허용한다.
DATETIME : 날짜와 시간을 표현한다.
PRIMARY KEY(c1) : c1으로 지정한 컬럼을 주인공이 되는 키라고 정한다. 이 c1에 해당하는 값은 중복이 되면 안된다고 지정하는 의미가 있다.

CRUD 시스템
CREATE : 생성
READ : 읽기
UPDATE : 수정
DELETE: 삭제  
데이터베이스를 막론하고 무조건 가지고 있는 이 4가지 작업 -> 4가지 중에서도 가장 중요한 것 -> CREATE 생성하지 않으면 아래 작업이 안됨 -> READ 가 없으면 자료를 만들 이유가 없다.
위에서 CREATE를 배웟으므로, 이제 insert를 배워보자. -> CREATE row가 표에 데이터를 넣는 것이니까 , insert라고 다기 검색이 된다.

INSERT INTO table_name (필드1,필드2,....) VALUES(필드1의 데이터,필드2의 데이터,....);
만약에 테이블 형태가 기억이 안난다?
DESC (describe) table_name;
이렇게 명령어를 입력하면 표의 형식으로 설명해준다. 이렇게 하나의 행을 작성하면 이제는 READ를 해보고 싶다. 그러면 어떤 명령어를 실행시켜줘야 할까?
SELECT * FROM table_name -> *은 모두라는 의미

READ와 관련된 주제
DATA 를 추가, 수정, 삭제는 명령이 아주 심플하다. 하지만 **읽기**는 좀 까다로울 수 잇다. SELECT (표시하고 싶은 컬럼들의 목록을 작성하자) FROM topic;
SELECT id FROM topic WHERE 컬럼이름="특정행의값"
특정 행의 값을 가진 값들을 출력하는 방식이다.
SELECT 컬럼값들 FROM topic ORDER BY DESC(or ASCE)

UPDATE와 관련된 주제
UPDATE table_name SET assignment_list WHERE where condition
assignment 는 colum_name = '바꾸고 싶은 내용'
assignment_list 는 colum_name = '바꾸고 싶은 내용1', colum_name = '바꾸고 싶은 내용2',... 이어 붙인거다.
여기서 WHERE을 빠뜨리면 모든 데이터가 바뀌므로 조심해야 한다.

DELETE와 관련된 주제
DELETE FROM table_name WHERE row_data_name

왜 관계형 데이터베이스가 필요할까?
만약에 관계형 데이터베이스가 없다면 우리가 어떤 어려움을 겪는지 알아보자.
우리가 작성한 table을 보면, 데이터가 중복해서 등장하는 경우가 있다. 만약 데이터의 개수가 1억개이고, 중복되는 데이터가 8000만개라고 하면, 적은 데이터가 아닐 것이다. 중복되는 데이터를 일일히 다 저장한다는 것은 가성비가 매우 떨어지고 비용 측면에서도 매우 비효율적임을 알 수 있다.
따라서 중복되는 데이터를 따로 테이블로 분류하고, 중복하는 데이터에 간단한 인덱스를 붙여서 기존에 잇던 테이블에 간단한 인덱스를 표시하기만 하면 된다. 또한 따로 분류한 테이블에서 데이터만 바꾸면, 기존에 있던 테이블의 정보를 변경하기가 쉽다. 그냥 따로 분류한 테이블에서 하나의 데이터만 수정하면 기존 테이블에 있던 모든 데이터가 변경이 되기 때문이더.
하지만 단점이 뭘까?
기존 : 1개의 테이블
장점: 매우 직관적으로 볼 수 있다.
단점: 중복되는 데이터가 많을 수록 데이터 저장공간 확보에 불리하다.
변경 : 2개의 테이블
장점: 저장공간 확보에 유리하다.
단점: 참조값만 적어놓는다면 그 데이터에 해당하는 테이블을 다시 열어서 봐야한다. 즉 참조를 많이 할 수록(데이터를 좀 더 나눠버릴수록)가독성이 떨어지게 된다. -> **하지만 이를 다시 1개의 표로 복원하는 것이 가능하다.** -> 이를 JOIN이라고 한다.

JOIN 하는 방법 전에! -> 테이블을 분리하는 것을 알아보자.

1. 테이블 이름을 바꿔서 백업을 해두자 : RENAME TABLE table_name TO changed_table_name;
2. 테이블 CREATE 후 다음과 같이 DESC table_name; 을 사용하여 테이블의 형식을 출력하기.

```MySQL
mysql> DESC topic;
+-------------+-------------+------+-----+---------+----------------+
| Field       | Type        | Null | Key | Default | Extra          |
+-------------+-------------+------+-----+---------+----------------+
| id          | int         | NO   | PRI | NULL    | auto_increment |
| title       | varchar(30) | NO   |     | NULL    |                |
| description | text        | YES  |     | NULL    |                |
| created     | datetime    | NO   |     | NULL    |                |
| author_id   | int         | YES  |     | NULL    |                |
+-------------+-------------+------+-----+---------+----------------+
5 rows in set (0.00 sec)

mysql> DESC author;
+---------+--------------+------+-----+---------+----------------+
| Field   | Type         | Null | Key | Default | Extra          |
+---------+--------------+------+-----+---------+----------------+
| id      | int          | NO   | PRI | NULL    | auto_increment |
| name    | varchar(20)  | NO   |     | NULL    |                |
| profile | varchar(200) | NO   |     | NULL    |                |
+---------+--------------+------+-----+---------+----------------+
3 rows in set (0.00 sec)

mysql> DESC topic_backup;
+-------------+--------------+------+-----+---------+----------------+
| Field       | Type         | Null | Key | Default | Extra          |
+-------------+--------------+------+-----+---------+----------------+
| id          | int          | NO   | PRI | NULL    | auto_increment |
| title       | varchar(100) | NO   |     | NULL    |                |
| description | text         | YES  |     | NULL    |                |
| created     | datetime     | NO   |     | NULL    |                |
| author      | varchar(30)  | YES  |     | NULL    |                |
| profile     | varchar(100) | YES  |     | NULL    |                |
+-------------+--------------+------+-----+---------+----------------+
6 rows in set (0.00 sec)
```

위 와 같은 형태로 테이블을 만들어 둔다. 3. 데이터를 INSERT로 집어넣어 테이블을 완성한다.

```MySQL
mysql> SELECT * FROM topic;
+----+------------+-------------------+---------------------+-----------+
| id | title      | description       | created             | author_id |
+----+------------+-------------------+---------------------+-----------+
|  1 | MySQL      | MySQL is ...      | 2020-12-17 12:31:20 |         1 |
|  2 | Oracle     | ORACLE is ...     | 2020-12-18 12:31:20 |         1 |
|  3 | SQL        | SQL is ...        | 2020-12-19 12:31:20 |         2 |
|  4 | PostgreSQL | PostgreSQL is ... | 2020-12-20 12:31:20 |         3 |
|  5 | MongoDB    | MongoDB is...     | 2020-12-21 12:31:20 |         1 |
+----+------------+-------------------+---------------------+-----------+
5 rows in set (0.00 sec)

mysql> SELECT * FROM author;
+----+---------+--------------------------+
| id | name    | profile                  |
+----+---------+--------------------------+
|  1 | jamangs | developer                |
|  2 | hojins  | data scientist           |
|  3 | master  | data scientist,developer |
+----+---------+--------------------------+
3 rows in set (0.00 sec)

mysql> SELECT * FROM topic_backup;
+----+------------+------------------+---------------------+---------+--------------------------+
| id | title      | description      | created             | author  | profile                  |
+----+------------+------------------+---------------------+---------+--------------------------+
|  1 | MySQL      | MySQL is...      | 2020-12-17 11:27:03 | jamangs | developer                |
|  2 | Oracle     | ORACLE is ...    | 2020-12-17 11:30:28 | jamangs | developer                |
|  3 | SQL        | SQL is...        | 2020-12-17 11:31:20 | hojins  | data scientist           |
|  4 | PostgreSQL | PostgreSQL is... | 2020-12-17 11:31:56 | master  | data scientist,developer |
+----+------------+------------------+---------------------+---------+--------------------------+
4 rows in set (0.00 sec)
```
JOIN을 해보자!
JOIN을 통해서 분리된 테이블을 읽을 때 그 테이블이 하나의 테이블로 저장되어 있었던거와 같이 보여줄 수 있다.
위의 그림에서 결합을 할 수 잇는 결합고리는 author_id 와 author테이블의 id 값이다. 따라서 다음과 같은 명령어를 통해서 결합이 가능하다.

SELECT * FROM topic LEFT JOIN author ON topic.author_id = author.id;
 ON 은 ~을 기준으로 
 LEFT는 나중에 알아서 정리해보자.
 ```MySQl
 mysql> SELECT * FROM topic LEFT JOIN author ON topic.author_id = author.id;
+------+------------+-------------------+---------------------+-----------+----+---------+--------------------------+
| id   | title      | description       | created             | author_id | id | name    | profile                  |
+------+------------+-------------------+---------------------+-----------+----+---------+--------------------------+
|    1 | MySQL      | MySQL is ...      | 2020-12-17 12:31:20 |         1 |  1 | jamangs | developer                |
|    2 | Oracle     | ORACLE is ...     | 2020-12-18 12:31:20 |         1 |  1 | jamangs | developer                |
|    5 | MongoDB    | MongoDB is...     | 2020-12-21 12:31:20 |         1 |  1 | jamangs | developer                |
|    3 | SQL        | SQL is ...        | 2020-12-19 12:31:20 |         2 |  2 | hojins  | data scientist           |
|    4 | PostgreSQL | PostgreSQL is ... | 2020-12-20 12:31:20 |         3 |  3 | master  | data scientist,developer |
+------+------------+-------------------+---------------------+-----------+----+---------+--------------------------+
5 rows in set (0.00 sec)
 ```
 위의 표를 보면 어떤 값을 기준으로 정리되엇는지 보이는가? author_id와 id값을 같은거로 둔것이 보일 것이다. 하지만 author_id 랑 id가 같이 보이는게 거슬리죠? 그러면 아래와 같은 명령어를 통해서 다시 표현해보자.
 
 1. SELECT id,title,description,created,name,profile FROM topic LEFT JOIN author ON topic.author_id = author.id; -> 이렇게 하면 Column 'id' in field list is ambiguous 이라는 메세지가 뜬다. 그렇게 되면 위의 표에서 id라는 컬럼값이 id라고 두개가 있어서 중복이 되죠? ->**그러면 id앞에다가 테이블 명을 명시해주면 된다.**
 2. SELECT topit.id,title,description,created,name,profile FROM topic LEFT JOIN author ON topic.author_id = author.id;

위와 같은 관계형 데이터베이스의 특징을 통해서 알 수 있는 점 
만약 위의 테이블 외에 comment테이블이라는 것을 만들었다고 생각해보자. Comment테이블에넌 author에 대한 정보가 있고, 그것을 관계형 데이터베이스로 구축한다면 author 테이블에서 정보를 바꾼다면 author테이블을 참조값으로 포함하는 테이블에서도 적용이 된다는 것이다.

INTERNET & DATABASE 
인터넷이라는 정보에 바다에서 DB를 활용한다면 무한한 잠재력을 가질 수 있다. 
TABLE -> DATABASE -> DATABASE SERVER 
그러면 이 서버라는 의미를 위에서는 다루지 않았으므로 위에서 추후에 다시 추가하도록 하자. 
이 이야기를 하기 위해서 먼저! INTERNET 자체를 이야기 해보겠다.
인터넷을 사용하기 위해서는 컴퓨터가 몇 대가 필요하지? 2대이다.
3대면 본질적이지 않다. 최소한이면서 최대인 것은 2대이다. 인터넷이라는 의미는 각자 흩어져 잇는 컴퓨터들이 인터넷으로 연결되면서 컴퓨터들의 사회가 만들어진것이다. 즉, 1대의 컴퓨터가 가지고 있는 한계를 초월한다는 것을 의미한다. 이 2대의 컴퓨터에서는 어떤 일이 일어나는지는 아래에 설명하겠다.
PC1 - 정보 요청 -> PC2
PC1 <- 정보 응답 - PC2 
이러한 상호작용이 일어난다. 
PC1에는 WEB BROWSER이 사용된다. 이 주소창에다가 GOOGLE.com을 친다고 생각해보자. 엔터를 누르면 우리의 PC1 즉 우리의 컴퓨터가 입력한 도메인 name의 주소에 해당하는 (IP주소, INTERNET POSTING 참고) 컴퓨터(PC2)에게 정보를 요청한다. 이렇게 요청한 정보를 다시 PC2가 PC1으로 보낸다. 그 정보를 WEB BROWSER가 띄운다.
요청하는 쪽 (client = PC1) 응답하는 쪽 (server = PC2) 
그래서, client - server의 관계를 이해하는 것이 인터넷의 본질을 깨닫는데 도움이 된다.
MySQL을 설치하면 -> 2개의 프로그램을 동시에 설치해준다. 
1. DB client 2. DB server 이 두 개의 프로그램을동시에 설치해준다.
DB server에는 데이터가 저장이 되고
DB client를 통해서 DB server에 접속이 가능하다.
우리가 지금까지 다뤄왔자나 그러면 DB서버를 직접 다룬것처럼 보일 수 있겠지만, DBserver를 직접 다루지는 않았다. 다룰수가 없다. 반드시 DB client를 사용해야 한다. 
우리가 사용한 DB client는 ./mysql 을 CLI에 실핼 시켰을떄 실행되는 명령어 기반의 client이다. 
이 후에 MySQL workbench라는 프로그램은 Client 이므로 우리는 총 두 가지의 client를 다룰 수 잇게 된다.

MySQL Monitor -> command line Interface
MySQL Workbench -> Graphic User Interface