---
title: MySQL
categories:
  - Database
---

## MySQL의 특징

MySQL은 무료, 오픈소스, 관계형 데이터베이스의 주요한 기능을 대부분 갖추고 있다. 웹이 성장을 하면서 웹 개발자들은 웹 페이지를 통해서 표현할 정보를 저장할 DB를 찾게 된다. MySQL이 이러한 요구를 충족하게 되어 MySQL은 오늘날 급격한 성장을 이루었다. 오늘날 수 많은 웹사이트가 MySQL을 사용하고 있으며 이를 사용해서 수 많은 정보들을 깔끔하게 정리정돈 해보자.<br>

## Spread Sheet vs Database

공통점: 데이터를 표와 같은 형식으로 표현함을 통해서 작동하는 기능이 매우 비슷함을 알 수 있다.
차이점: 데이터베이스는 코딩과 같은 프로그램언어토 데이터를 제어할 수 있다. 하지만 스프레드시트는 GUI에서 마우스로 조정을 해야한다. 앞으로 데이터베이스에서 데이터를 보고싶을 때는 다음과 같은 명령어를 흔히 볼 수 있게 된다.

```MySQL
SELECT _ FROM topic WHERE author = 'Song';
SELECT _ FROM topic WHERE author = 'Song' ORDER BY id DESC

```

**데이터베이스의 이러한 특성을 이용하여 명령어를 통해 추출한 데이터를 인공지능, 딥러닝, 웹과 같은 매체를 통해서 가공하고 표현할 수 있다.**<br>

## MySQL의 구조

- Table : 어떤 웹 사이트를 운영하는데 있어서 데이터를 저장하고 싶다면 댓글이나 회원정보를 **Table**의 형태로 저장한다.
  - **Table to Database** : 하지만 사이트의 규모가 커지고, 가입자가 많아지게 된다면 저장해야 하는 가입자의 데이터가 많아지므로 데이터를 유실하지 않고 안전하게 잘 정리할 필요가 생긴다. 따라서 MySQL에서는 연관된 표를 그룹핑해서 연관되어 있지 않은 표와 구분을 짓는데, 이때 연관되어 그룹핑된 파일들은 하나의 데이터베이스라고 지칭한다.
- Database(Schema) : 연관된 표들을 그룹핑한 것. MySQL에서는 스키마라는 표현을 사용한다. 그냥 같은말이고 데이터베이스랑 같은 의미이다.
  - **Database to Database-Server** : 더 나아가서 데이터베이스를 그룹핑 한다면 Database-server가 된다.
- Database server : 데이터베이스들을 저장하는 서버이다. 즉 우리가 MySQL을 설치하였다면 데이터베이스 서버라는 프로그램을 설치한 것이 된다. 이러한 프로그램들이 가진 기능을 이용하여 데이터와 관련된 작업을 하는 것이다.

## MySQL이 가진 이점

- 보안성 : 데이터 베이스에서는 자체적인 보안 체계를 가지고 있기 때문에 데이터를 안전하게 보관이 가능하다.
- 권한 기능 : MySQL에 권한을 가진 여러 사람들이 서버에 들어와서 작업이 가능하고, 그들의 직책에 따라서 차등적으로 권한을 부여할 수 있다.

## MySQL 명령어

우선 로그인 하는 명령어를 알아야 한다.

```MySQL
/* mysql/bin에서 실행시킨다. */
mysql -uroot -p
```

u: user
root : 사용자의 이름으로, root는 초기 설정에서 관리자의 권한을 가진다. 후에 이름을 변경할 수 있다.
p : password<br>
MySQL 서버에 들어온 뒤, CRUD 시스템을 기반으로 명령어를 알아보겠다.
현재 우리는 데이터베이스 서버에 들어와있다. 위에서 설명한 MySQL의 구조를 참고한다면 우리는 Database를 먼저 만든 뒤, Table을 만들어야 한다는 것을 알 수 있다.

### Database

```MySQL
CREATE DATABASE database_name;  /*Database를 생성하는 명령어*/
DROP DATABASE database_name;    /*Database를 삭제하는 명령어*/
SHOW DATABASE database_name;    /*Database의 목록을 보는 명령어*/
USE DATABASE database_name;     /*Database에 들어가는 명령어, 이 이후로는 이 데이터베이스에 대하여 명령어를 사용하는 것이다.*/
```

초기 로그인 단계에서 현재 서버 -> 데이터베이스 -> 표 까지왔다. 표를 만들기 전, 기본적으로 알고있어야 할 사항들을 다뤄보겠다.
SQL이라는 언어를 다루게 될것인데, 이 것의 줄임말은 Structured Query Language
S: 관계형 데이터베이스는 표의 형식으로 정보를 정리정돈하므로 이를 Structured라고 표현함.
Q: ~해줘 ~해줘를 포괄적으로 데이터베이스에서 요청한다를 나타낸 것이다.
L: 데이터베이스, 나도 이해할 수 있는 언어로 요청해야 DB서버가 알아먹기 때문에 Language이다.

### Table CREATE

```MySQL
CREATE TABLE table_name(
column_name1 datatype(length) [NOT NULL],
column_name2 datatype(length) [NULL],
column_name3 datatype(length) [AUTO-INCREMENT],
...
PRIMARY KEY(column_name1)
);
/*
column_name : 컬럼의 이름
datatype : INT나 CHAR같은 데이터타입
length : 얼마나 저장을 할지 정하는 것이 아니라, 검색을 할때 얼마나 노출시킬지 정하는 것이다.
PRIMARY KEY : 지정한 컬럼을 주인공이 되는 키라고 설정한다. 즉 KEY에 해당하는 컬럼은 중복되는 값이 전혀 없어야 한다고 지정하는 의미가 있다.
*/
```

엑셀과 같은 스프레드시트에는 id에 어떠한 데이터를 넣을 수 있는데, 데이터베이스에서는 특정 컬럼에 특정 데이터만을 받고자 하면 받을 수 있다. 반드시 id값, 어떠한 컬럼의 값이 특정 데이터만을 강제할 수 잇다. 데이터타입을 검색해서 -> BIGINT를 사용한다면 편하지 않나? -> 컴퓨터는 저장할 수 있는 데이터의 크기가 정해져 있다. ->따라서 저장해야 할 데이터의 최대 용량에 알맞은 데이터 타입을 사용하도록 하자. <br>
사람들이 어떻 값을 넣을때 데이터에 꼭 필요한 값임을 명시하고 꼭 입력을 받아야 한다면? -> NOT NULL 사용 (무조건 받아야 한다.)
하지만 나중에 입력받을것을 염두해두고 표를 빈채로 입력하고 싶다 -> NULL 사용
나중에 어떠한 데이터를 선택해야 할때, 선택한 데이터의 중복을 발생 시키고 싶지 않다? -> 데이터 컬럼에 모두 다른 값을 가진 컬럼을 추가하고 싶다 -> 예를 들어서 id값을 중복시키고 싶지 않다 -> AUTO_INCREMENT 이 것을 사용하면 하나씩 증가한다.<br>
각 데이터타입에서 데이터를 제한하고 싶다. 예를 들어 어떤 칸에 100글자만 입력하고 싶고, 만약에 추가로 입력된 데이터가 있다면 뒤에는 지울 수 있다.
VARCHAR(size) : variable Character -> 이거는 256개의 문자를 허용한다.
TEXT(size) : 65000정도 저장한다. ()를 명시 안하면 기본 문자를 허용한다.
DATETIME : 날짜와 시간을 표현한다.

### Table INSERT

```MySQL
SHOW TABLES;
DESC table_name;
INSERT INTO table_name(필드1, 필드2,...) VALUES(필드1의 데이터, 필드2의 데이터,...);
```

만약에 테이블 형태가 기억이 안난다면, DESC (describe) table_name; 을 실행시켜서 구조를 파악한다. 파악한 뒤, 데이터를 집어넣고 싶으면 INSERT명령어를 실행시키고 작성한 데이터가 잘 저장되어있는지 확인 해보고 싶다. 그러면 아래의 READ 파트에서 알게 될 SELECT명령어를 실행시켜준다.

### TABLE READ

DATA 를 추가, 수정, 삭제는 명령이 아주 심플하다. 하지만 **읽기**는 좀 까다로울 수 있다.

```MySQL
SELECT column1,column2,... FROM table_name;
SELECT id FROM topic WHERE 컬럼이름="특정행의값" /*특정 행의 값을 가진 값들을 출력하는 방식이다.*/
SELECT 컬럼값들 FROM topic ORDER BY DESC(or ASCE)
```

### TABLE UPDATE

```
UPDATE table_name SET assignment_list WHERE where condition
assignment 는 colum_name = '바꾸고 싶은 내용'
assignment_list 는 colum_name = '바꾸고 싶은 내용1', colum_name = '바꾸고 싶은 내용2',... 이어 붙인거다.
여기서 WHERE을 빠뜨리면 모든 데이터가 바뀌므로 조심해야 한다.
```

### DELETE

```
DELETE FROM table_name WHERE row_data_name
```

## 왜 관계형 데이터베이스가 필요할까?

만약에 관계형 데이터베이스가 없다면 우리가 어떤 어려움을 겪는지 알아보자.
우리가 작성한 table을 보면, 데이터가 중복해서 등장하는 경우가 있다. 만약 데이터의 개수가 1억개이고, 중복되는 데이터가 8000만개라고 하면, 적은 데이터가 아닐 것이다. 중복되는 데이터를 일일히 다 저장한다는 것은 가성비가 매우 떨어지고 비용 측면에서도 매우 비효율적임을 알 수 있다.
따라서 중복되는 데이터를 따로 테이블로 분류하고, 중복하는 데이터에 간단한 인덱스를 붙여서 기존에 잇던 테이블에 간단한 인덱스를 표시하기만 하면 된다. 또한 따로 분류한 테이블에서 데이터만 바꾸면, 기존에 있던 테이블의 정보를 변경하기가 쉽다. 그냥 따로 분류한 테이블에서 하나의 데이터만 수정하면 기존 테이블에 있던 모든 데이터가 변경이 되기 때문이다.
하지만 단점이 뭘까?

- 기존 : 1개의 테이블
  - 장점: 매우 직관적으로 볼 수 있다.
  - 단점: 중복되는 데이터가 많을 수록 데이터 저장공간 확보에 불리하다.
- 변경 : 2개의 테이블
  - 장점: 저장공간 확보에 유리하다.
  - 단점: 참조값만 적어놓는다면 그 데이터에 해당하는 테이블을 다시 열어서 봐야한다. 즉 참조를 많이 할 수록(데이터를 좀 더 나눠버릴수록)가독성이 떨어지게 된다. -> **하지만 이를 다시 1개의 표로 복원하는 것이 가능하다.** -> 이를 JOIN이라고 한다.

## JOIN 하는 방법 전에! -> 테이블을 분리하는 것을 알아보자.

1. 테이블 이름을 바꿔서 백업을 해두자 : RENAME TABLE table_name TO changed_table_name;
2. 테이블 CREATE 후 다음과 같이 DESC table_name; 을 사용하여 테이블의 형식을 출력하기.

```MySQL
mysql> DESC topic;
+-------------+-------------+------+-----+---------+----------------+
| Field       | Type        | Null | Key | Default | Extra          |
+-------------+-------------+------+-----+---------+----------------+
| id          | int         | NO   | PRI | NULL    | auto_increment |
| title       | varchar(30) | NO   |     | NULL    |                |
| description | text        | YES  |     | NULL    |                |
| created     | datetime    | NO   |     | NULL    |                |
| author_id   | int         | YES  |     | NULL    |                |
+-------------+-------------+------+-----+---------+----------------+
5 rows in set (0.00 sec)

mysql> DESC author;
+---------+--------------+------+-----+---------+----------------+
| Field   | Type         | Null | Key | Default | Extra          |
+---------+--------------+------+-----+---------+----------------+
| id      | int          | NO   | PRI | NULL    | auto_increment |
| name    | varchar(20)  | NO   |     | NULL    |                |
| profile | varchar(200) | NO   |     | NULL    |                |
+---------+--------------+------+-----+---------+----------------+
3 rows in set (0.00 sec)

mysql> DESC topic_backup;
+-------------+--------------+------+-----+---------+----------------+
| Field       | Type         | Null | Key | Default | Extra          |
+-------------+--------------+------+-----+---------+----------------+
| id          | int          | NO   | PRI | NULL    | auto_increment |
| title       | varchar(100) | NO   |     | NULL    |                |
| description | text         | YES  |     | NULL    |                |
| created     | datetime     | NO   |     | NULL    |                |
| author      | varchar(30)  | YES  |     | NULL    |                |
| profile     | varchar(100) | YES  |     | NULL    |                |
+-------------+--------------+------+-----+---------+----------------+
6 rows in set (0.00 sec)
```

위 와 같은 형태로 테이블을 만들어 둔다. 3. 데이터를 INSERT로 집어넣어 테이블을 완성한다.

```MySQL
mysql> SELECT * FROM topic;
+----+------------+-------------------+---------------------+-----------+
| id | title      | description       | created             | author_id |
+----+------------+-------------------+---------------------+-----------+
|  1 | MySQL      | MySQL is ...      | 2020-12-17 12:31:20 |         1 |
|  2 | Oracle     | ORACLE is ...     | 2020-12-18 12:31:20 |         1 |
|  3 | SQL        | SQL is ...        | 2020-12-19 12:31:20 |         2 |
|  4 | PostgreSQL | PostgreSQL is ... | 2020-12-20 12:31:20 |         3 |
|  5 | MongoDB    | MongoDB is...     | 2020-12-21 12:31:20 |         1 |
+----+------------+-------------------+---------------------+-----------+
5 rows in set (0.00 sec)

mysql> SELECT * FROM author;
+----+---------+--------------------------+
| id | name    | profile                  |
+----+---------+--------------------------+
|  1 | jamangs | developer                |
|  2 | hojins  | data scientist           |
|  3 | master  | data scientist,developer |
+----+---------+--------------------------+
3 rows in set (0.00 sec)

mysql> SELECT * FROM topic_backup;
+----+------------+------------------+---------------------+---------+--------------------------+
| id | title      | description      | created             | author  | profile                  |
+----+------------+------------------+---------------------+---------+--------------------------+
|  1 | MySQL      | MySQL is...      | 2020-12-17 11:27:03 | jamangs | developer                |
|  2 | Oracle     | ORACLE is ...    | 2020-12-17 11:30:28 | jamangs | developer                |
|  3 | SQL        | SQL is...        | 2020-12-17 11:31:20 | hojins  | data scientist           |
|  4 | PostgreSQL | PostgreSQL is... | 2020-12-17 11:31:56 | master  | data scientist,developer |
+----+------------+------------------+---------------------+---------+--------------------------+
4 rows in set (0.00 sec)
```

## JOIN을 해보자!

JOIN을 통해서 분리된 테이블을 읽을 때 그 테이블이 하나의 테이블로 저장되어 있었던거와 같이 보여줄 수 있다.
위의 그림에서 결합을 할 수 잇는 결합고리는 author_id 와 author테이블의 id 값이다. 따라서 다음과 같은 명령어를 통해서 결합이 가능하다.

```
SELECT \* FROM topic LEFT JOIN author ON topic.author_id = author.id;
```

ON 은 ~을 기준으로
LEFT는 나중에 알아서 정리해보자.

```MySQl
mysql> SELECT * FROM topic LEFT JOIN author ON topic.author_id = author.id;
+------+------------+-------------------+---------------------+-----------+----+---------+--------------------------+
| id   | title      | description       | created             | author_id | id | name    | profile                  |
+------+------------+-------------------+---------------------+-----------+----+---------+--------------------------+
|    1 | MySQL      | MySQL is ...      | 2020-12-17 12:31:20 |         1 |  1 | jamangs | developer                |
|    2 | Oracle     | ORACLE is ...     | 2020-12-18 12:31:20 |         1 |  1 | jamangs | developer                |
|    5 | MongoDB    | MongoDB is...     | 2020-12-21 12:31:20 |         1 |  1 | jamangs | developer                |
|    3 | SQL        | SQL is ...        | 2020-12-19 12:31:20 |         2 |  2 | hojins  | data scientist           |
|    4 | PostgreSQL | PostgreSQL is ... | 2020-12-20 12:31:20 |         3 |  3 | master  | data scientist,developer |
+------+------------+-------------------+---------------------+-----------+----+---------+--------------------------+
5 rows in set (0.00 sec)
```

위의 표를 보면 어떤 값을 기준으로 정리되엇는지 보이는가? author_id와 id값을 같은거로 둔것이 보일 것이다. 하지만 author_id 랑 id가 같이 보이는게 거슬리죠? 그러면 아래와 같은 명령어를 통해서 다시 표현해보자.

1.  SELECT id,title,description,created,name,profile FROM topic LEFT JOIN author ON topic.author_id = author.id; -> 이렇게 하면 Column 'id' in field list is ambiguous 이라는 메세지가 뜬다. 그렇게 되면 위의 표에서 id라는 컬럼값이 id라고 두개가 있어서 중복이 되죠? ->**그러면 id앞에다가 테이블 명을 명시해주면 된다.**
2.  SELECT topit.id,title,description,created,name,profile FROM topic LEFT JOIN author ON topic.author_id = author.id;

## 위와 같은 관계형 데이터베이스의 특징을 통해서 알 수 있는 점

만약 위의 테이블 외에 comment테이블이라는 것을 만들었다고 생각해보자. Comment테이블에넌 author에 대한 정보가 있고, 그것을 관계형 데이터베이스로 구축한다면 author 테이블에서 정보를 바꾼다면 author테이블을 참조값으로 포함하는 테이블에서도 적용이 된다는 것이다.

## INTERNET & DATABASE

인터넷이라는 정보에 바다에서 DB를 활용한다면 무한한 잠재력을 가질 수 있다.
TABLE -> DATABASE -> DATABASE SERVER
그러면 이 서버라는 의미를 위에서는 다루지 않았으므로 위에서 추후에 다시 추가하도록 하자.
이 이야기를 하기 위해서 먼저! INTERNET 자체를 이야기 해보겠다.
인터넷을 사용하기 위해서는 컴퓨터가 몇 대가 필요하지? 2대이다.
3대면 본질적이지 않다. 최소한이면서 최대인 것은 2대이다. 인터넷이라는 의미는 각자 흩어져 잇는 컴퓨터들이 인터넷으로 연결되면서 컴퓨터들의 사회가 만들어진것이다. 즉, 1대의 컴퓨터가 가지고 있는 한계를 초월한다는 것을 의미한다. 이 2대의 컴퓨터에서는 어떤 일이 일어나는지는 아래에 설명하겠다.
PC1 - 정보 요청 -> PC2
PC1 <- 정보 응답 - PC2
이러한 상호작용이 일어난다.
PC1에는 WEB BROWSER이 사용된다. 이 주소창에다가 GOOGLE.com을 친다고 생각해보자. 엔터를 누르면 우리의 PC1 즉 우리의 컴퓨터가 입력한 도메인 name의 주소에 해당하는 (IP주소, INTERNET POSTING 참고) 컴퓨터(PC2)에게 정보를 요청한다. 이렇게 요청한 정보를 다시 PC2가 PC1으로 보낸다. 그 정보를 WEB BROWSER가 띄운다.
요청하는 쪽 (client = PC1) 응답하는 쪽 (server = PC2)
그래서, client - server의 관계를 이해하는 것이 인터넷의 본질을 깨닫는데 도움이 된다.
MySQL을 설치하면 -> 2개의 프로그램을 동시에 설치해준다.

1. DB client 2. DB server 이 두 개의 프로그램을동시에 설치해준다.
   DB server에는 데이터가 저장이 되고
   DB client를 통해서 DB server에 접속이 가능하다.
   우리가 지금까지 다뤄왔자나 그러면 DB서버를 직접 다룬것처럼 보일 수 있겠지만, DBserver를 직접 다루지는 않았다. 다룰수가 없다. 반드시 DB client를 사용해야 한다.
   우리가 사용한 DB client는 ./mysql 을 CLI에 실핼 시켰을떄 실행되는 명령어 기반의 client이다.
   이 후에 MySQL workbench라는 프로그램은 Client 이므로 우리는 총 두 가지의 client를 다룰 수 잇게 된다.

MySQL Monitor -> command line Interface
MySQL Workbench -> Graphic User Interface

GUI를 기반으로 한 MySQL Workbench를 사용하는 방법을 알아보겠다.

./mysql -uroot -p -hlocalhost
-hlocalhost 는 무슨 의미일까? -h는 host의 약자이고 host는 인터넷에 연결되어있는 각각의 연결 host이다. 이 명령어로 내 컴퓨터에서 다른 컴퓨터로 접속하는 것을 가능하게 한다. 따라서 구글로 간다면 -hgoogle.com 이렇게 치겠지? 내 컴퓨터로 접속한다면 -hlocalhost라고 한다. 근데 이거를 ip주소로 바꿀 수 있는데 -h127.0.0.1 이렇게 치면 된다. 근데 생략해도 사실 내꺼로 접속이 된다.

사진
더하기 버튼을 누르고,
hostname은 127.0.0.1은 내 컴퓨터에 접속하곘다는 의미
username은 root지? -> -uroot 와 같은 의미

마지막 수업
우리의 수업은 이제 두 가지의 루트가 있다.

1. 배운거를 사용해서 현실의 문제를 해결하는 것
2. 지금까지 배운거만으로는 극복할 수 없는 한계가 있다. -> 한계를 극복한 로드맵이 잇다. 이것을 배우는 방법이 있다.
   처음 배우는 사람들은 혁신의 길을 걷는 것이 좋지는 않다고 생각한다. 뒤로 갈수록 복잡성이 올라가기 때문에.
   눈높이는 올라갔는데 자기가 구현할 수 없다. -> 좌절을 한다.
   데이터를 자연스럽게 다루다보면 한계를 느끼게 되는데, 한계를 느낄때 혁신의 길을 걷는게 학습에 뛰어난 효과를 가진다. 따라서 지금은 그냥 지금까지 배운것을 단단하게 다지는 것이 목표이다.
   1번과 같은 길을 걸을 사람들은

정보가 많아짐에 따라서 생기느 현실의 지옥이 있다. 데이터가 많아지면 필요한 정보를 꺼내오기가 힘들다. 하지만 아주 정리정돈, Indexing을 매우 잘한다면, 어떤 데이터를 찾는데 그나마 쉬울 것이다. 정리정돈을 처음부터 잘해놓는다면 찾아내기가 매우 쉽다. 즉, 데이터베이스의 Index(색인)기능을 잘 사용한다면 데이터를 찾기가 수월할 것이다.

데이터가 많아짐에 따라서 생기는 문제점이 하나 더 잇다. 현실에서 데이터는 다양한 측면의 데이터를 ㅏㄱ지고 있기 때문에, 처음부터 테이블을 잘못 설계한다면 큰 낭패를 볼 수 잇다. 따라서 처음부터 데이터를 중복없이, 테이블을 효울 적으로, 더 좋은 성능으로 정리를 할까?->뛰어난 데이터 전문가들이 정립해놓은 모델링이 잇다. 정규화 비정규화 역정규화가 있다. 나중에 데이터가 많아짐에 따라서 도움을 받고자 하면 모델링이라는 정보를 검색해보면 될 것이다.

데이터가 많아짐에 따라서 데이터를 백업을 꼭 해야할 것이다. 하드 디스트에서 예측할 수 없는 것은 언제 고장날지 모른다. 에측 할 수 있는 것은 꼭 고장이 난다는 것이다. 내 노트북에 데이터를 저장해놓는데, 다른 사람의 데이터까지 저장한다는 것은 엔지니어로서 자격이 없다. 따라서 백업을 한다는 것은 내 컴퓨터와 별도의 컴퓨터에 복사해서 동시에 저장한다면 유실될 가능성은 적어진다. 또한 여러 장소, 여러곳에 곳곳이 데이터를 저장해 놓는다면 유실 위험이 더 줄어들 것이다.
-> mysqldump, binary log

클라우드 서비스를 사용하자. 대기업의 서버 데이터 서버에 저장하느데 원격 제어를 통해서 다루게 된다. MySQL같은 데이터를 대기업에서 제공한 저장공간을 사용한다. 자신의 인생을 갈아 넣어서 서버를 보존하기 위해 엄청난 노력을 한다. 클라우드 서비스를 활용하여 데이터를 저장하자, 아마존 구글 Azure 를 사용해보자.

현대에서 데이터베이스 그 자체를 사용하는 것은 많이 없다. 데이터베이스를 부품화해서 다른 서비스를 개발하는 것이다. -> 따라서 현대의 많은 웹,앱 서비스를 뜯어본다면 MySQL이 나올 수 잇다.
=> Python mysql api, PHP mysql api, Java mysql api 이 셋을 사용한다면 다른 프로그래밍 언어로 Mysql을 사용할 수 잇을 것이다.

###### 이 포스팅은 생활코딩님의 MySQL 강의를 기반으로 정리한 글입니다.
